Store_Size,Product_Price,Day_of_Week,Promotion,Holiday,Monthly_Target,Sales
4174,280.2780575465943,5,0,1,12019.557776496316,13358.079727653421
4507,90.76878795713047,7,1,1,35099.46287137117,5034.345511450934
1860,211.51500712683085,3,0,1,25424.54051462592,3318.140857960892
2294,391.0251190302605,7,1,1,47450.68557652877,14326.282425634112
2130,245.3813401145138,7,0,1,31679.602995590638,3155.375524974418
2095,492.7901648260971,5,0,1,47586.060451740326,19941.275153197752
4772,194.60209526959096,4,0,1,18819.347738932163,4485.595621854357
4092,377.2933669882753,7,1,1,39029.036414564136,12288.695392372692
2638,202.56482999964098,1,0,1,34689.96083394902,8816.116856839199
3169,416.29046814619204,4,0,1,39576.32919325247,3401.342025707675
1466,288.84991989121636,3,0,0,18586.71455890147,1529.0342439708545
2238,41.12079649910066,3,0,1,36599.780649510954,12831.913363563832
1330,28.042715141635775,7,0,0,29921.61572227476,16328.393711993396
2482,75.58753821231026,4,1,1,39712.99899625265,16998.297568628135
3135,16.69926276522867,5,1,1,23081.78576607271,10171.555988461754
4444,46.92593957270653,5,1,0,45602.281018610105,15771.653876465325
4171,348.9400546127669,6,1,1,13372.052584454015,13784.09553628235
3919,271.8296747644369,3,1,0,42287.57275164752,14760.83602248353
4735,377.4562672402862,2,1,0,44452.785032603635,10359.381099214468
1130,457.451218606245,6,1,0,42690.09245467285,13034.823064600414
2685,296.72327083948124,5,0,1,30509.05577047104,16304.992357945082
4380,365.7992135952056,4,1,1,27535.39920123045,8559.799335583437
1769,380.96978900080336,5,0,1,49850.49146099507,16313.59911648409
3391,195.14676914513535,4,0,0,19166.878048566483,12248.320012992195
2515,128.1315678415196,6,1,0,31875.038635041783,4152.119463044939
4485,110.4722109681972,3,0,1,36827.02101529302,1468.9989872671076
3853,133.20679536078126,5,0,1,38034.70543445728,7892.318407583889
3433,144.6185805426953,7,0,1,18160.98662954315,11387.230237630458
2215,111.54154801394766,4,0,1,36159.763693592045,16956.58669186628
1955,440.3281270648042,3,1,1,42734.78265925349,3422.227922664678
3324,380.92957476439204,2,1,0,12000.743072844489,16203.920605988003
2184,32.97926921769776,4,1,0,46460.85173301266,17397.171875277312
1459,141.6495161924006,6,1,0,11180.162205808238,3863.062253015842
4385,20.870523594847796,2,1,1,24238.841299535772,17180.29206678016
1021,254.10094145648753,2,1,0,10632.527849318483,19837.61778901305
3300,243.34324142661694,1,1,0,13085.806741583274,14809.937789916514
1747,417.3720301306256,5,1,0,46446.731407203166,15910.623954674771
3904,160.81084748781421,4,1,0,24194.433229845912,19893.890083618597
4632,410.02901025440053,2,1,0,26990.861217002115,12504.143759992961
1474,484.3071450655133,1,0,1,18613.775255302106,6849.841258308738
2082,53.320029449166825,6,1,0,33883.830807468796,16913.085847445058
3558,397.9907413401201,3,0,1,33792.12858711158,12675.229772720993
4753,299.0783895974417,7,0,1,24888.01567300877,12042.713050698174
3047,245.22252383905283,7,0,1,23321.394872215933,5819.075554766727
4547,216.0625315458868,4,0,1,45398.57232722351,15370.351122074846
3747,394.48744933271166,2,1,1,25331.369585688055,2551.6782413418287
1975,323.28706491737876,7,0,0,29740.03968617633,18561.454345098562
2806,404.4718870844873,5,1,0,21332.190496997224,7190.64575463921
1189,452.54401875154684,7,1,1,41470.780134285094,3427.7184030098188
4005,312.4592189276731,7,0,1,25897.926275963666,9404.964128945958
3734,490.42673529526513,7,1,1,30544.441861772983,1806.9282758741301
4005,307.96304627552377,1,0,0,20134.286802386458,14007.897691034359
1562,321.95571759491844,2,0,1,49506.383693650074,18151.404698461767
2899,281.85964818569056,5,1,0,21659.829636948914,16907.997135631667
4638,54.59102461515184,2,1,1,40829.70123622207,3420.0199955097405
2267,365.93454599861184,4,0,0,27099.826014270366,3399.1516050469054
3879,278.24869038056465,4,1,1,18248.696203365595,16455.25516416102
2528,230.94611923389115,4,1,0,41988.750558594445,18560.831217459203
4202,456.1309264176038,6,1,1,23344.271561161728,9752.726766836293
4556,156.00013125555574,7,0,0,44607.73389591244,10480.451221361553
4890,266.5651152473555,6,0,0,46610.28739671292,7046.978786328792
1646,351.84451703179707,1,1,0,44392.953415651034,17991.037246871867
3068,400.27117008019985,4,1,0,11400.316592272226,13253.155200554764
3888,235.0799358936245,5,1,0,41494.93380020422,6476.779966180001
3214,422.6247933591677,2,1,0,26453.578659965755,6676.8745500307805
2297,386.7696932445448,7,1,0,44948.916807289,17932.801388208445
3435,42.45562914741427,3,0,1,35518.17050738955,1259.0464542106079
1600,32.472020538270144,5,1,1,43345.725365758335,7131.80488180613
3363,314.1947853668247,7,0,1,29977.270794673415,11532.776943111012
3061,180.23257003045296,6,1,1,31401.020183957313,3816.131779887168
1241,112.47408762847195,6,0,1,15775.50528534669,2749.876329792206
3041,294.0284678911518,5,1,0,41359.49434757422,16490.25029072064
3824,177.36597312370708,6,0,0,26775.584466678865,17993.683384321637
4417,273.25907418989436,4,1,0,30003.204730863305,16648.5219951656
3612,235.4583879019503,1,0,0,41403.9085638283,18076.969905009606
3945,296.5353919150853,2,0,0,33953.81600317756,11509.12745010906
2363,206.14723956603785,1,0,1,18043.949097706696,16432.904298816495
3139,351.8571111114966,7,0,1,33609.306366035715,8296.810129430909
2390,98.23296345115628,2,0,1,26305.314319186233,13659.089368101731
4003,351.2857184512687,2,0,1,28781.021681754508,19787.875096394124
2478,211.7139950351888,1,1,0,11132.450976106711,5288.8267529434215
4499,438.4156263786644,5,0,0,18401.173980651263,8408.09517953053
3556,262.4656668834633,2,1,0,21241.523255241133,10120.900168891627
1775,486.8240711423511,1,1,1,38518.40031435223,3622.294253380983
1034,304.9483438150705,2,1,0,10459.698931924613,2539.733598836079
3253,119.68604229409709,3,1,1,26351.090449165284,16764.734460110863
4152,412.67741205378013,5,1,0,46961.074817029315,19559.093083724136
2955,179.0904876329695,4,0,0,14475.224661964954,8689.776212763514
2585,180.33341509651493,2,0,1,30656.975528744442,2665.3468876984125
4943,25.584293927730915,3,0,0,41460.895295633876,2250.423453120953
4459,278.8705015116302,4,1,0,47701.25230080467,17935.045920845674
4073,271.8675168289363,4,0,1,39871.06558134872,9812.470744825918
2021,184.4358272932732,7,0,0,38822.62194577625,7080.519014685447
4461,448.1664588190036,2,0,1,43059.523607830495,10052.764153548591
3613,73.08671516682551,1,0,0,27848.048839101746,7047.777799154599
2129,171.74876152197615,2,0,0,42233.781304713324,10291.67973084478
4843,167.5755546932142,3,1,0,10318.576189818044,17331.5715414408
4893,55.22238725208558,4,0,0,46982.442215072195,12253.726050179817
2500,245.76124308758367,2,1,0,27732.260380687014,14198.421683393331
1702,347.0145113770807,1,1,0,32135.207514629903,7928.742848452395
3449,260.711936638158,7,1,0,20195.28995659529,15031.611691699856
3777,86.91906453093492,2,1,0,39701.23331361686,13665.724612708074
2579,194.87012296861556,5,1,1,13065.432259009953,3271.6779572890723
1161,11.271561947986815,7,0,1,44905.43210187341,11880.214209196107
1201,435.46754244743755,1,0,0,43124.67316025371,5878.126429885402
2981,51.41333376353415,3,0,0,18642.404649790657,16277.817723038263
1995,302.66626030516096,4,1,1,42372.975931410496,9092.81646087185
3317,493.26592797473944,2,0,0,41454.30932245926,19898.999138733256
4934,272.92941653379296,1,0,0,35288.663910157964,2757.508320840312
1815,462.7804619626422,7,1,1,24940.8070759875,15826.609392063012
4342,125.69710122752812,5,1,0,20859.950167274714,13800.332937300973
1455,382.378150379417,1,1,0,19271.343611574,15582.477781223404
4533,270.32021944703166,6,1,1,22744.358510544287,6843.066114318671
4798,363.0528700818178,5,0,0,46142.33773730121,10349.035298265611
2275,40.54726763050831,7,1,0,13105.631039551252,16133.66187475046
2016,82.39215503405109,3,1,1,43154.85105011835,5418.285300796245
4773,75.22729500786434,4,0,0,23955.603001672942,5294.63073898439
3343,346.71109764763224,7,0,1,30863.975840454328,11469.968112603716
4796,423.7759295904781,3,1,0,41779.42534593963,10947.70801106726
3767,377.3119536842078,2,0,0,45375.06188091885,6362.986937845724
4820,24.931354839461136,1,1,1,23791.256802905882,6663.437359971633
1337,434.9353407266144,6,1,1,28473.739251004412,6279.058100924744
1878,183.53186868863148,5,0,0,26580.64259267169,15658.729177971265
2076,204.61027792700042,5,0,1,10530.041340156422,13386.116445686752
1791,61.38589160091564,1,1,1,21837.715554346265,16815.9264847948
4993,371.32855098597133,6,1,0,28367.569349302474,19533.987537966415
3264,99.31910045321945,1,1,0,26443.74435521759,10009.121629167741
1763,286.34289508922984,2,0,0,38877.16910062718,2267.1837467035284
3235,421.94789308018625,3,1,1,25392.144688844128,1913.7538978286732
1379,53.71012106890753,7,1,1,29575.05795882681,6617.635746160763
1492,272.31442636760653,5,1,1,27184.343685294534,18718.347197696567
4112,124.2760416594026,2,1,1,39625.045955774825,10941.048044446623
2180,178.03416349634753,3,1,0,44518.895959478505,6163.943805522454
3062,242.24527130097252,2,0,1,31275.563160300564,8584.16909570937
4884,184.00110860685933,6,1,0,41577.28776780765,12373.307040688745
1064,327.92319174287223,5,1,1,21871.467280794022,13406.043504619001
4928,244.9952298595826,7,1,0,31654.78440629075,3924.4706858751956
4910,296.25774750994293,1,1,0,23809.198146798895,19563.601854358345
3568,371.0430129435073,1,0,0,26568.037022873214,11350.672312672988
2367,283.29371031571435,3,0,1,39296.55459250674,3578.0780380533065
2152,297.4023629837719,7,0,0,45266.49929330851,17979.06981357654
3027,286.5846858360942,4,1,0,14859.815643510618,2418.1301905091473
3695,195.5985867161318,6,1,1,35385.570259495216,18246.97323037274
2495,175.34894859723985,3,0,0,33285.752303111934,19934.747469490667
4134,450.827224601056,4,0,1,14736.601567037276,14308.204183973574
2162,307.7020589238507,2,0,1,18475.773217604365,15638.497200405805
2522,129.7330461776807,6,1,0,22440.099789307213,7408.753892882241
3640,254.1413719459807,2,1,0,16677.24283270006,18889.96020194474
1391,171.87075582764786,7,0,1,19749.179300973672,11064.565356058985
2698,467.50899364233857,5,0,0,20704.0319544683,14915.380485353542
1418,13.691837935696622,6,0,1,23426.953321562385,18558.04660231431
3336,120.41307087913883,4,1,1,39975.61811204636,19528.41954353466
1378,189.02484164028826,5,1,1,32876.48815402403,16830.882775336813
2796,249.0268023962816,1,1,0,49449.86687805606,6757.33263265857
4561,426.90058373971164,4,0,1,26589.43307869884,19364.402814489564
3278,53.064936024670494,3,0,0,40154.602953477006,12934.271093627864
4065,404.8737945031603,1,1,0,44858.736855061354,18682.207050687237
3088,37.27020978491792,1,0,0,37159.13972152168,13845.995490472686
4099,422.733877296109,3,1,0,26474.58961669984,6837.5402751066895
3182,35.30138415851129,6,0,1,40143.785229830115,8030.465958713503
1200,18.938815899896912,1,0,0,18146.685510907395,11458.96376495587
2863,351.51111655954656,7,0,1,23102.086607205296,16010.281989637759
1779,498.6552120365132,4,0,1,31867.41020397155,7041.668475466364
3977,449.3390288572702,5,1,0,33016.37549144593,12014.89215654965
4104,292.2392247247734,1,0,1,10885.659018905179,7566.874877951629
4119,459.52385041191053,4,1,1,47804.56755024035,16499.618688067036
1502,12.597003134826654,2,1,0,37865.0908486956,9867.833781591058
3454,487.78290984311985,4,1,1,29828.150009275643,2457.7337102048195
4645,250.4669018368044,5,0,1,47325.08937633233,4154.997908149191
2751,364.2190873446701,4,1,1,27563.82261003314,2160.9886847730136
1804,412.22212184514274,3,1,1,49217.42281081487,10486.755974272179
3146,362.04406270991126,5,1,0,30491.390289739404,3020.4086496163163
3731,272.1679987020062,6,0,1,14571.430799919179,3168.65941688301
2895,243.54354722194188,2,0,1,40592.03889837109,18879.916940729163
3773,420.90545376428616,3,1,1,37155.90900311362,17580.446371345053
2570,110.48800447323497,6,0,1,40919.46885222347,9589.645339415954
1960,484.3170925870748,4,1,0,48057.681149027245,19730.30109615391
4810,358.36671463000664,5,1,1,41059.57210604072,1003.5440352425992
3660,107.75839439577668,2,0,0,34453.464088665874,12665.609669194482
2485,370.7611200122592,3,1,1,44292.356094433635,12712.13537006553
3690,269.62161135874715,6,0,0,36929.85757418126,9691.418061527876
4840,356.5427468657778,6,0,0,26324.762273036926,8542.011485751564
2028,386.21195570699103,2,1,0,45424.79056967093,9652.279574131544
4289,52.772187998940964,7,0,0,18876.018431374912,8884.248285513928
1502,257.99093861608003,4,0,0,38585.650996348966,14879.357072163688
3814,466.6870277058977,2,1,1,45262.538197630274,3571.753264492397
1397,167.114674158162,6,1,1,39252.66078813185,4755.145191231473
1870,301.00271780337044,1,0,1,37891.01676215428,4429.846339456049
3842,190.9229359398491,3,0,0,40105.53176287344,5986.941117304026
1392,232.59130638735883,2,1,1,28602.209932025777,10979.909956850082
1206,278.81552778969507,7,0,0,44966.82728628104,3112.966199426156
2038,278.9717701455989,6,0,0,18137.45900544365,17495.216611203577
2881,108.84792654181555,4,0,1,15095.456640013572,6649.869094860974
4625,345.4400584611183,6,0,1,21420.351204740462,4088.221761905449
3939,53.055374508901835,4,0,0,31263.095870999725,13836.804882366623
2484,78.02413898658999,2,0,0,30422.471816373523,1723.6397113870662
4762,11.32834071302154,4,0,1,42823.95030706347,12779.40273260912
4646,67.18107142942384,5,1,1,26182.746256160695,14265.770182853495
1863,241.8514385154272,5,1,1,29373.777051660345,5083.414096347664
3790,306.9899217173609,5,1,1,10534.707330375826,1797.3173954290514
4312,399.2018304835666,7,1,0,26389.569457717564,7909.261819469542
1563,62.28263255558367,7,1,1,35910.96931801368,2873.2903745967933
2020,426.8564554080628,1,0,1,10620.333225063687,3213.0791437934045
1095,375.5275175188719,7,0,1,21235.27860744975,5830.963397452427
2923,210.17396353859928,2,0,0,18318.254371575596,6613.890567908426
2757,467.13965287897776,6,0,0,11679.41715638353,11069.436479406992
3532,495.55544346412137,6,1,0,29170.4035965815,13889.44582455725
4478,110.45088692608626,1,0,0,17268.93172912626,12262.64787653351
3278,195.8220066322622,7,0,1,39723.261585255204,3818.8464085008195
3796,463.96021755895845,4,1,0,43917.11535053394,4269.634616599902
2678,363.58230986812583,1,0,1,31823.407306765912,17696.615746065374
4242,33.566375542402966,4,0,1,49268.293700845665,11608.693986218159
1540,392.94209605819333,4,1,1,28019.142858823812,17528.818825056092
2059,415.69103471697105,3,0,1,30534.72840899662,8059.3837150776135
3572,377.74594313500364,6,0,0,49568.71015831001,12673.600141195153
2183,401.77319415056263,5,0,0,19261.93743860195,10949.604905037604
4910,414.31501157947065,7,0,0,47701.83758707621,7063.346306588789
2722,101.33844352619062,4,0,1,11713.502204764529,9928.392068638312
4314,125.48895557184989,3,1,1,27855.475610527792,10547.326659711709
4157,320.54169622288686,6,1,1,12800.14048532263,4814.648520376893
2819,454.8544039266328,5,1,1,39169.38971654572,6985.1970751579
3625,164.93632532528235,4,1,1,34336.35743520071,16036.785259632536
3729,298.2702711395778,4,1,0,38265.37053870386,18399.976549628416
3604,344.6612110743949,1,1,1,24979.215998720676,7836.08777736069
2597,231.45481463652922,1,0,0,24779.277361255212,6832.473361971345
4060,359.75340287910973,6,1,1,11812.771158435784,4708.746126865768
3693,450.83704819316483,5,1,1,23997.797581185594,13891.332204361044
1795,315.80975664910045,4,0,0,47171.536090482376,7138.894331660408
2051,274.4927203381702,6,0,0,25169.061487217958,19767.241242884582
2643,224.98489094028614,6,1,1,43254.7082488788,7188.011239215111
4627,292.9682727440016,2,0,1,43693.02018999736,8488.584888869935
2363,184.12760139101397,7,1,1,24929.646255169355,12463.349728028661
4869,201.82623399873594,1,0,1,35279.54721584756,16232.001570634795
2981,270.61016504720527,5,1,0,13814.864090922345,9920.85464156704
2354,42.64336507150031,4,0,1,14147.14322937106,9030.46464199021
2663,122.2224415531502,6,0,0,11946.306546468533,19917.118838301358
2529,275.9961622005704,4,1,1,33240.60373500438,1199.3791816589444
3038,221.44879013685687,2,1,0,27042.83910504388,18006.24048817367
4419,173.0797350971173,5,1,0,31921.294266569603,3833.675692855011
2496,367.96907703655774,6,1,1,30842.927620335515,15932.580247969354
4302,349.9216276276358,4,1,0,24008.11964362921,12740.699637079662
3237,91.69807239675775,1,0,1,37098.93659293892,7495.098424463749
4296,440.52826653298473,7,1,0,40340.075236655626,17603.62415489935
2408,252.75757693794316,2,1,1,10585.130355107029,1245.2373316388475
2400,373.3158464581323,5,0,0,18289.691990755135,5307.12238942355
2306,290.84391613612047,2,0,1,38529.43472333347,11770.963128741185
3680,498.8693818026832,1,1,1,25464.80690535337,7679.302940944262
3675,378.6775288190231,5,0,0,36499.357877664326,12597.172411048225
1972,356.42042600929494,2,0,0,23878.50638938234,1458.0936747646697
2768,391.500250134868,3,1,0,25630.206093185483,3212.719679152538
2282,80.13271291875012,1,0,0,16347.154947587398,3414.8285641503453
4430,110.226850653037,1,0,1,20329.2407866464,4596.38927240418
1709,359.8914002895709,1,1,0,34216.47030030349,9727.297375210313
2479,252.0509286941227,3,1,1,27326.524452606656,15290.445291327853
2434,379.77129301145715,3,0,0,40972.107317783804,18205.23792064912
1648,60.42885506463106,4,0,1,44103.39819753371,16872.078075400677
1317,272.8758622274514,6,1,1,31665.856728670395,4740.869563737988
4748,195.62256712288868,7,0,1,40330.69168224237,9381.860492382015
4296,233.93010744802237,2,0,1,22276.180527782803,4788.820357412165
4890,305.93935731553114,4,0,0,26598.848616003128,6024.964516676625
2257,256.1212902566398,2,1,0,38511.107048673235,10567.392648725838
1683,274.53171218529,7,0,1,25448.479712681226,2294.0714697469284
1663,248.31516617784783,6,0,0,33540.197406359555,5145.312262272191
2998,210.38803677189168,3,1,0,17414.911163300458,18772.185064835227
4898,388.2221704931401,6,0,1,33990.85259881992,9856.20956051129
4445,15.979505435841812,3,0,0,44460.54828907574,9462.343993579572
4743,303.2369235905612,7,1,0,44745.58559293702,1276.775940274299
2631,287.0990901882572,6,1,0,38973.77625318158,5700.59519410857
2495,360.92774661914655,4,1,1,39830.13516304504,17459.556283661444
4304,303.52438874089,5,1,0,32317.09780602803,4127.940136914706
4763,415.1314256264484,4,0,1,33386.72360663299,8887.3738511597
2136,479.94664933637364,2,0,0,15346.02325642072,1272.287211473024
2853,177.83688601748628,4,1,0,27754.367536852045,10088.374151740562
2520,121.40198168469364,7,1,0,28031.051355454554,1399.401027798126
3489,217.56246258603662,1,0,1,48339.91342670961,16572.581508250198
1563,151.0855120731058,2,1,1,27243.47450493158,16672.22158225497
2291,311.32562894480066,6,0,0,31973.705796110306,15967.101577745027
4581,456.8076803330527,2,1,1,31330.0559711641,6383.917308931246
4878,78.16693513010031,5,0,0,35470.46868177308,16907.507146214542
4457,59.389355477784385,3,1,1,39929.31325327583,11316.964519500118
4458,135.4476106082945,6,1,1,19001.675046834884,8102.354068473046
4184,365.78683717057635,2,0,0,31148.97676393743,12881.269234380426
2636,300.5518235768226,6,1,0,43036.70829264122,1234.4798751471062
4696,60.0842054703478,6,0,0,28524.58855350046,3716.256674414291
3999,460.1877559077658,6,0,0,21138.301854942918,15103.577225234993
4152,397.1414721908025,3,0,1,36188.36301425196,5639.070565606907
1698,21.28107634594238,7,0,1,42950.69583196492,12362.173229246242
3160,329.1699333842406,4,0,1,12525.611717095653,8316.949453637564
1001,387.9108675746716,6,1,0,41071.619336289084,17241.309797185968
1641,193.47333116300678,1,1,0,42865.91731847085,19095.89081393623
3267,43.77155428993721,7,0,1,28460.91710354427,17787.72983903362
2589,47.88732208950576,5,1,0,49332.22627273869,6141.779899178337
1854,61.08101336538665,3,0,1,41468.33362829236,4689.094511875563
2759,421.8154196704072,2,1,1,40946.502595826634,10014.262978793964
4296,456.2362371452994,3,1,1,39913.54297648287,1139.3488658874253
3432,70.17728310440955,2,1,1,16024.324128730961,1490.378464400453
4474,125.59395695158979,3,1,1,18689.235458120434,11512.522152837002
2661,91.10505007997199,2,0,0,28559.605258577,10888.538679140433
2153,101.29723095211914,6,0,0,20560.173998378636,19897.05779166994
2076,420.3704866112211,4,1,0,26609.638893361618,4834.994871911404
2707,172.7517422009201,2,1,1,45538.56439691683,5903.9746540489
3777,162.60768938236419,2,0,1,42973.07567517077,3157.272204199447
2695,121.42385422978519,1,1,1,35201.595139199286,18433.31718342115
2733,307.86825295918675,2,0,1,44324.815770044144,15778.413644710565
2439,195.85979220891892,1,0,0,41350.89556068997,16624.4431176801
3294,374.68232940321155,5,0,0,27159.39727363562,18152.511971325664
1835,110.73410610406238,6,1,1,18042.606081997805,10973.099747790928
4510,396.01704547010127,1,0,1,30568.041600373566,9572.67063756375
1202,305.8235505477681,4,1,1,39449.155301142004,7277.437999646713
4255,65.99097702728699,7,0,0,27456.783949183722,12195.077672609254
1122,213.10724625977755,6,1,0,36670.876391355894,9631.289539006628
1400,433.1238889003489,1,1,0,13773.097051641746,9579.746145505927
1766,462.25051358125756,6,1,1,39920.18945485614,18801.62941089164
1293,238.19305993621848,6,0,1,42508.54479572248,19696.598771303474
3327,245.61011926364603,6,0,0,38273.51423122165,16133.203397262034
4908,460.0428152202576,5,1,1,48690.54350105462,15378.403714691638
3931,297.66342982691793,4,1,0,43066.082298425616,13930.605073802928
4681,26.09486841928479,3,1,1,46123.74911506153,4155.422194336761
1197,457.24723681077313,3,0,0,47342.843338305924,2123.010596637436
4029,131.6309569510044,1,0,1,42053.91967495234,14123.799987151999
2930,293.03965750485816,6,0,0,36970.35368025996,14846.938222874944
4582,91.10152553970717,1,0,0,10228.74325443157,1892.486830864656
3799,26.600788520831543,5,1,0,28633.030128924987,18632.983254348113
3191,162.62185385505114,5,1,0,32846.49194489444,2731.6721494488734
1608,392.44289669758297,2,0,0,22161.210897919984,6432.110141652845
4272,146.0177145884149,5,0,0,22724.177876138885,13775.406443175385
2147,117.84763489973756,2,1,1,48446.37662840661,4227.57929368505
1186,114.21358432720088,4,0,1,45668.434608109834,2052.901880402644
4397,262.4351043793382,1,0,1,43967.16022006817,7291.783294118846
3511,488.01524468455057,7,0,0,26240.472068244424,15553.459922248403
4420,234.9046041283364,4,0,0,10547.942016356581,8859.894900719946
2794,283.0796307561235,5,0,1,13208.889858228562,13406.485516250847
1659,431.70968876645964,4,0,0,22487.854728704144,12012.762847334596
3811,272.1841622774927,4,1,0,10629.71651982708,1422.1511584860277
4002,100.38680699523948,4,0,0,10685.991276607925,19782.259753868428
2955,156.80199676557376,5,0,0,46664.13206569644,1787.1336875683673
3450,161.86909387161936,7,1,0,38246.34008476217,19388.252015321214
2369,204.68587657422296,6,1,1,22358.239602726106,11447.419388923565
2986,219.1265636150072,4,1,1,15305.783104038126,19300.021514236265
2534,401.893190816392,2,0,1,30465.428715803086,3180.3183888628737
1146,181.19962953417317,5,1,1,10213.846434174578,10317.761864524751
4219,239.43359593627588,4,0,1,47536.54975432576,4220.5777454551135
3911,316.2382336550156,7,0,0,26592.604775557887,1968.5226634264059
2734,195.08571424568296,6,0,0,26093.39820949331,12733.053186183919
2843,419.9167585132431,5,1,0,25623.744303271287,4947.884998272138
1488,297.85226607469644,3,1,0,12773.13321551059,12166.243347463373
3976,154.08189281827606,6,1,1,35532.88959167306,3134.925157030727
2959,359.88900789701586,2,1,1,39320.144785134136,7307.742957221352
2663,268.5473877709451,4,1,1,37045.01590353161,15851.018603011697
3598,271.883386716051,7,0,0,15537.419733175771,9303.978915001566
3385,245.7330947099171,3,0,1,33153.606721423705,12927.162883049392
3919,253.535854922412,7,0,0,32779.37936689015,13301.700874165374
1640,385.02457772245793,3,0,1,44736.431517655285,17031.345835758577
2802,60.460924872344606,5,1,1,25165.106335025877,7173.533093726184
3520,173.83777754213628,3,1,0,24859.43774637737,14058.615689067834
2969,46.99664826390572,2,0,0,34741.082348727425,19270.700333877146
3198,379.0906481662509,2,1,1,35322.90613998052,14874.623352799492
2438,143.42790881294673,1,1,1,28771.409093031616,10307.539057637146
4369,449.74090081125325,2,0,0,27722.374493216845,12983.631445346655
2634,268.02344866305395,6,0,1,29765.906825515307,15053.975057499054
1262,402.3673880281993,3,1,1,44441.81198013247,12633.239548183576
2787,489.676403451821,2,1,0,28446.676050156402,1316.840456306944
3191,421.4965411337196,5,0,1,47597.271678792895,4700.696456057291
3393,434.8269424056465,7,0,0,30160.15054385304,16398.896127093853
1623,209.9124027287739,7,0,1,47968.027727235654,6180.362298937209
2016,280.3440716770765,1,1,0,43313.27607476303,14899.680271661544
4643,134.4053963812191,7,0,1,24497.252904633162,8070.284089592275
1880,106.09541884979187,3,0,0,44545.65685186464,10915.80223500092
3049,257.69886076195655,1,1,1,14402.531368044609,2291.49269656867
3944,301.5740000532061,3,1,0,47001.88701372058,4443.285659944481
2327,176.24291048913358,5,1,1,35265.740603315666,19186.742306865457
3301,289.02732370411513,1,1,1,12175.629940892448,17912.623015491365
4723,444.85563643161646,4,1,1,35770.26894603246,13393.227107081953
1452,282.7935765438494,6,0,1,48969.90616579024,9733.24735032901
4108,363.1984171921482,6,0,1,12792.026184585156,13839.464565009252
2183,404.6043340053735,3,1,1,32187.508391203453,12753.595492784842
4062,494.477103158167,7,1,1,39911.773990374895,11802.49285648763
3056,305.56672706672,4,1,1,42410.34346798125,2124.364365407295
4304,405.3565729916671,1,1,1,26553.098612831833,13023.24960256863
4170,481.6981660918886,4,1,0,18166.66236672972,15609.480846852199
2682,472.76076553286396,4,0,0,11693.691150895353,19887.551438265935
3863,79.13010590107965,7,0,1,33189.046283888994,1210.4924992918839
3255,209.1322310540258,1,0,0,28116.442810704433,14873.295612902855
2154,168.75512994233182,5,0,1,47949.775805988436,11863.99700278363
1403,52.59325732567117,7,1,1,12424.19630859639,9246.991345538177
3199,320.28797970637066,4,0,0,37415.81373784023,3423.8333168560466
3101,370.59326046604116,4,1,1,10998.648884802287,8772.617824062647
4191,425.5827667787729,5,1,1,16857.36706842171,7733.166476736571
2696,70.16067593472717,4,1,0,28143.159996913364,6753.767890596102
4991,439.457597178894,4,0,0,28194.89771211473,14886.712843121946
1627,325.0335261709841,4,1,1,37428.02171734576,14313.784904401013
1586,354.9336062178696,6,0,0,46408.52139471027,12191.38172863732
2648,456.20576173474893,7,0,0,35561.28635659683,18834.631452574075
2443,316.13302281119303,2,1,1,48141.40391406035,7647.233299436235
2445,174.5742700034192,7,1,0,45264.625595119905,5632.236816493411
1103,414.3025923971033,5,1,0,33379.99182123161,13462.16294886959
4923,187.89901397559436,4,0,1,43351.67803675309,4777.467157810655
1253,26.77177430205927,7,1,0,35703.104412945366,6985.1996364850675
4298,417.02070821697237,6,0,0,13142.313236949085,5267.446361422812
4183,179.14415099182503,5,1,1,39622.5889303804,2313.9177866515233
3557,389.17891636865676,3,1,1,13796.337650693848,16722.476091077795
2496,187.75136838631326,7,0,1,33763.3112227885,5836.270315511562
1098,431.92332978761357,3,0,0,38105.60823432915,9987.522563517394
3200,117.56015728966976,4,0,1,12661.104328434209,1822.990191831927
2884,487.5281599474463,6,0,1,19231.78615706127,14287.449858800219
3961,392.0817996461351,6,0,0,46626.889290465995,7280.659043819525
2919,65.97658370099444,7,0,1,34652.579689315855,15149.99782875499
1877,287.2305437836146,5,1,1,19851.440752421266,8835.658148889455
1337,492.82998299845,5,1,1,37627.19084592027,4719.356521706868
4777,240.82207181996904,6,0,1,33871.05679846759,10750.326563358682
3869,99.2324980225758,5,1,0,30063.027996717934,3479.586633111356
4234,247.54139990366963,6,0,1,49047.47899952335,9370.244037586901
4791,261.10425138214157,7,1,1,37338.15109630035,7028.804070989244
1956,373.4266026720461,2,1,0,25017.644386716507,18327.23209979303
2704,352.43446804884314,6,0,1,42002.937283074716,2157.645712693679
1160,207.24952136252045,3,0,0,45383.33171684751,14186.330868009098
2603,116.83132267210237,5,0,0,15008.822380673257,4472.2721537612815
3848,326.07654220697145,6,1,0,18022.11911381066,7061.856412312557
1397,216.63492793110808,6,0,1,18649.080365111186,8894.767198179252
2300,74.81534345141189,7,1,0,37648.47237546161,18252.28669812451
1815,451.28042760582895,5,0,0,34121.582202131336,5608.987055402678
4987,348.69871022873065,2,1,0,34759.66258794353,2734.8672483487344
2527,344.7600896582859,7,1,1,47630.931987580036,7055.102475819948
2919,413.06609919672024,2,0,1,41036.46131229224,2988.8434401751338
2415,269.53422254098973,7,1,1,15117.476980471327,3443.333233250498
2158,409.37666991720397,5,1,1,23900.28329700724,11903.161361525506
2218,254.06446922039282,1,0,1,27415.745847029426,2157.136728890373
1400,42.91594595869795,5,1,1,25838.463549904198,1587.6867464777547
1639,208.57156313356748,5,0,1,36772.34436647517,14573.867927939458
4104,253.7577980501464,2,0,0,45675.724130262504,7871.294801979846
3735,362.89926499982494,2,0,0,22242.05854091152,3382.131635443592
1459,62.223577763050436,5,0,0,32075.085456847424,5818.642646334457
1954,78.60908394362,5,1,0,41576.37687654342,13199.643639695581
4954,139.20506329096204,5,1,1,26648.722353813973,6235.194775676172
1469,140.58421275173228,2,1,0,16724.725135971836,10395.90137728775
4446,368.77044344494055,5,0,0,28998.03861054993,3312.2108278067735
2045,132.8580236751829,5,1,0,12208.900829721139,12173.779114503492
3797,320.2180510451493,4,1,0,47695.33816009107,7005.475993022017
2693,252.19418656775298,1,0,1,12992.848207798921,12912.400256045614
3085,290.9142453079063,3,0,1,27538.268610023126,16359.502763776434
3277,420.67241195736494,1,1,1,31195.25044354105,12621.281968409856
4436,208.14693575902191,4,0,0,49412.15329149142,6619.203689305393
1562,387.7465747614925,3,0,1,16640.87294571443,5859.130329417708
3485,216.7976691798368,7,0,0,14577.260744494342,7220.998215935512
2799,183.39697451501223,5,0,1,10348.245882501744,4127.789751493592
4354,479.72731688347807,4,1,1,16222.857474772092,4442.265166150381
3074,100.34175113269197,7,0,1,18290.919162706705,16023.13093610319
1225,54.26511068302786,5,0,1,35223.23766332369,8309.918953641454
4348,387.78310351238446,2,0,1,18788.271615656016,9283.908430841131
1797,43.442355623504874,6,0,0,10820.83258917301,12286.939845769411
4680,420.1687054444844,4,0,1,43064.73382009955,12203.416407879406
3331,224.22476421504933,2,0,0,24623.82804015867,2280.160558916589
3926,458.6017018730379,4,0,0,24147.867463229355,16799.274940415646
1959,363.5511019497338,4,0,0,22099.161166717065,4369.204511254849
2504,309.09828683389924,2,1,0,49014.931085856835,14738.361084943708
1452,475.1603305583052,3,0,0,16804.61669237126,15680.748774435166
4067,204.3581927955066,1,1,1,45929.52255812941,14583.09114773496
4900,477.5025989044202,5,0,1,41072.13328559552,12000.575284528759
1815,76.15062593639139,4,0,1,13059.198219972523,1277.5709450687743
1658,247.03992154688225,5,0,1,49469.164060033945,7847.134354900243
4587,142.2564989721755,6,0,0,20854.638541560424,12491.949157889043
1546,274.5229616650148,2,1,1,13943.317080896493,8361.574622528235
2215,89.38680016687645,5,0,1,43172.56936503038,17406.118003343447
4120,422.34953355192124,2,0,0,38267.02134710799,6867.243231642692
4583,424.73984616413304,5,1,0,34688.75223511603,6577.161056714548
1016,478.0657932345047,1,1,1,16239.234547957327,6053.956168760502
4243,85.78934903278575,1,0,1,29139.844650238476,7322.836510255114
2243,315.43294994344546,1,1,0,41222.24107548855,11590.694321969557
3205,242.3762812631811,1,1,1,22144.957525753613,14433.290591179226
3524,178.7480287016743,1,1,1,22467.59314060166,13588.790437036916
2069,182.25467895576722,1,0,1,10125.636241924885,16346.638579648114
4444,212.2688397973086,2,0,1,16969.73606581518,17832.36591445107
3565,355.413519347587,4,0,0,45016.22500487337,16505.501804523672
3146,303.16016855139577,5,1,0,27669.859665508284,1359.962664112737
4963,235.24394125295424,1,0,0,49369.37996937736,14982.441117487786
2768,47.20737108111482,2,1,1,25828.318542951703,4959.5918987483
2060,48.105018598688964,2,0,1,38607.45819120965,3525.63281145167
3327,11.146301406631347,2,0,1,21276.761716189165,13131.286911183575
4420,484.1727002214724,4,1,1,24552.38564563734,7075.120712746203
3544,12.574371093608608,5,0,1,17629.039503635788,2085.226104038422
1301,60.515935546734994,4,1,0,23882.4947399758,3614.9649535688654
1180,164.15231283661134,3,1,1,31889.500816825723,1017.6589205292602
1606,405.640823390213,7,0,1,49670.915239169975,18161.248919549438
4170,481.42840502441766,2,1,0,36568.06852287143,1467.741692983533
1699,397.1066438080095,3,0,1,17969.838176332563,4979.65962068071
1992,348.3745138983639,6,0,0,11798.457663662046,8908.992833070239
2139,265.437327032649,1,1,0,15054.259252580425,7774.855193065562
1190,52.485553812469966,7,0,0,32502.208050921894,18322.79166134274
3300,479.50368857192586,1,1,0,40606.41315267065,1765.4899689563001
1980,381.6122828333839,4,0,0,47616.768292029876,10732.07944586398
3975,323.0851988137883,7,0,1,10632.926879872834,13929.109787963105
3006,381.92756431403643,5,0,0,30910.40566247479,18702.261499942208
2184,364.8106313438379,3,0,0,28834.69424892707,12787.0537903507
4327,322.24347409684856,5,0,1,36242.200879028154,16271.34948422349
4394,490.4826320881942,4,1,1,32383.154178613677,2590.7738190616196
1127,452.6482681916522,1,1,0,37481.56602329922,8332.85070780162
3065,326.86581036741006,7,1,1,36323.303389967616,8104.995555102282
2816,349.6558536138931,5,1,1,14680.46899431785,17839.476112658635
2758,35.2819452627679,5,1,0,41988.71654474878,3876.0522540022234
3613,338.25955762951924,1,1,0,14929.303028652994,3885.837274395975
1569,31.641064477949087,7,0,1,37941.22500836548,7242.604847830171
2346,298.2492409152662,3,0,0,26645.81470562427,2034.854899969914
2895,499.6832147872591,1,1,0,30554.029383063917,4466.7027723973115
3733,282.345224904218,5,1,1,46131.92057502842,19338.98313236897
4863,241.87295785985336,3,0,0,45595.349058939464,9135.494857476284
1625,163.2988796877379,3,0,0,42714.25222620118,13008.364960026292
4359,69.05606360536757,1,0,0,30405.93521825293,14796.113927548102
3901,368.201599014558,5,1,0,39449.59240535332,7972.266733136809
2686,104.37352361495891,4,1,0,30515.882220752374,3797.3144137998224
4009,66.48819041116934,5,1,1,44784.243298991096,4925.039308213836
4710,216.66370326795115,2,0,1,26111.033329315997,6952.063055031596
1154,399.7175005999577,7,0,0,48809.41377659507,13085.299986692287
3537,375.081628578908,6,1,1,47292.9103291551,8567.330432692033
2409,36.89248117677271,4,1,0,39664.10477807142,1129.4792601024342
1784,233.0204056677165,3,0,0,21176.63536704288,10944.736516281966
4175,265.9929422748728,4,0,0,15266.143551730336,18508.75444624094
4464,325.82785880665284,7,0,0,44188.1380037279,16429.4746091649
4882,328.5820017171818,3,0,0,16612.09144551845,16679.016053932988
1245,188.70165223407986,7,1,1,44170.431559893426,16106.102334516492
4247,284.73182506172185,3,0,1,29630.600268494418,7150.88568659805
4110,245.72032308360235,4,0,0,26262.27135232417,15538.682841333448
2500,443.64919469640773,3,0,1,46127.631153377166,3720.065798412667
2705,269.8299149911011,3,1,0,34154.03930161112,13496.606798243116
3806,226.10575925659919,2,1,1,33064.56028518871,13189.802767014893
1537,208.19787034410686,5,0,0,32350.637784975905,1485.8261827049587
2890,290.4896021223982,5,0,1,24846.780640781257,15971.4325382277
2841,403.94871990643986,6,0,0,41425.72414116509,18161.71399680748
1920,273.8167302865859,6,1,0,20111.93776063092,6080.8902909700455
3455,334.2110357894653,2,1,1,47555.798401651,16435.42375953687
1524,371.54932578419726,6,1,1,45759.40820187843,2565.713465377016
3875,264.8823738405786,7,0,0,23499.213026995927,12399.389306960255
2529,219.14035776088355,4,1,1,39178.55079326655,10227.290441351266
3950,439.56603515260025,1,0,0,32928.927777983656,11372.547132871001
4896,214.57798117366715,7,0,1,23505.972079969382,18597.898835802556
1035,236.35199678203793,1,0,1,49540.86591981787,17554.989697690216
1684,495.2672435374708,1,1,0,11009.493833930568,15916.589487555384
1019,10.116386552183444,2,0,1,20105.841224851465,6200.2706958890485
3368,100.881725692594,7,1,1,30802.962444446017,18324.553945035743
4847,198.14230606066562,2,1,0,30878.120139142557,2852.6461568136297
3559,466.9690556183739,3,0,1,33557.322997822565,17213.255114616968
1399,44.31455581626081,1,0,0,40067.046880916765,7235.041374718548
3701,14.647862477964058,4,1,0,34939.113220771855,2021.6739215776843
1971,35.81507962884201,6,0,0,34011.25842112148,13717.782700574218
2906,53.386271200672894,4,1,0,12140.578516521731,5394.318638003154
3518,28.422418871067826,6,0,0,25061.21151157193,5627.8513914280065
2166,245.09285015968734,1,1,1,19282.22958804624,6814.896158346658
2115,294.5710315413906,1,1,0,20614.804464079018,2210.0105825478176
4425,143.126615823812,1,1,0,32173.498973613794,4365.415739766827
1833,205.16081814806142,2,1,1,17980.212597184338,1097.6529241256458
2823,54.932674204600765,7,0,1,21757.9640406759,9462.78090100995
3774,174.8215272759268,6,0,1,19483.388340693604,2600.8521709414545
2982,266.0344039009163,7,1,0,47940.11772872779,13970.399495839782
1853,368.8131855204761,2,1,0,47786.62928684381,5476.834172641319
1050,11.63971740105982,2,0,0,34397.662343842065,18927.908736668367
4736,238.98227560344975,5,0,1,46980.898749276,17553.780920574398
4769,155.5314094628923,4,0,0,41432.50581873493,6499.377004395957
1574,427.8826926290317,4,0,1,33597.91531207235,15881.093638476896
4261,360.6211244647785,3,0,0,10257.40845987183,16261.653188631319
2148,298.6631818907385,2,0,1,40900.65144317616,19744.6991681738
3197,145.86016639141906,6,1,0,38099.53366353875,12358.959750068014
3361,456.06616000819184,5,0,0,34610.146131296555,2557.3489582295815
3617,32.09933183795836,5,0,0,40416.97246729887,13289.907349601239
4413,63.639123352766426,7,1,1,30516.886590990627,12874.615219144669
3352,201.89876886477447,4,0,1,38163.33085285356,13128.660970988203
2715,70.9744030754596,2,0,0,47406.883469059736,6835.767313980019
1681,478.64369180411825,3,0,0,25032.20063384345,17333.912116526328
1837,401.01476785025784,2,0,0,38324.87339602502,19229.971476152827
4854,136.9014992848887,7,0,1,29027.51272043835,5136.537746584879
2077,298.39157219689025,1,1,0,36975.98607255926,2674.891004596245
4050,491.34195238924,2,0,0,40515.73342217457,4696.165630201198
3491,443.25749928443645,7,1,0,11818.100017431838,16590.490645858656
3660,304.391238756677,1,1,0,35864.01775794648,13856.248061577102
4040,452.82474391588255,1,0,1,19069.647376277782,13084.899504443407
3311,494.7006058085459,3,1,1,36801.30151230267,8634.069567079066
4124,374.24288321787583,6,0,0,28733.20743735254,11978.731458717279
2595,41.843340646618074,4,1,0,40942.109674595486,6849.608380212981
4051,206.77431584848887,2,1,1,14936.032608223857,10066.801508941264
4691,420.53461028879025,1,0,1,35052.894066247805,16068.197539042461
1004,122.97890594445931,2,0,0,21138.829157102093,19643.59035165378
2126,417.01483369780607,6,0,1,44119.27981322366,18717.289548206234
2219,68.96599339714801,4,0,1,47135.340225452295,18743.452914078727
1773,33.00322500242837,6,0,0,49855.93174716222,8642.250962095135
1876,198.2043996307123,4,1,1,41840.29609709133,9907.007729629027
1991,27.998649339040675,5,1,1,40149.362817120185,14407.07253101065
3931,479.0624288618296,4,1,0,18620.03035470204,18521.6466329744
4421,414.84079093904325,3,1,0,23440.28235960435,3697.8909276896084
1046,402.3771466936388,6,1,1,28627.301670491182,6780.59541271672
3914,318.591182268115,1,1,0,40935.24191128999,3645.6900472880807
3870,115.99877128791123,5,1,1,46598.63460311874,12628.162069229651
3983,263.9475796714322,3,0,0,17565.564000919385,6819.718940863213
4891,302.6642954908671,2,0,1,46894.69938680412,7196.049197738896
3703,267.2654354215314,6,1,0,37824.98609416232,2347.4032302716055
1268,137.51435029624838,7,1,1,34430.82922740154,7646.125174344246
1369,262.4714829142157,7,0,1,17993.65085127758,17387.433640630123
1635,250.681307025627,1,0,1,12221.001312366023,5428.383425925864
2129,498.2045301452949,4,0,0,32738.595940317595,14208.561857991248
2693,449.7437125426399,1,0,0,36060.6273331557,12962.93855383326
2682,237.05656662565377,7,1,1,18431.25797418753,17406.20755901319
1656,315.23931763820815,2,0,1,32258.248233018257,3513.4710053697268
1119,376.45708600519197,5,1,0,44259.73611050294,19574.20924655582
1830,27.083928514574207,5,1,0,43402.6378182008,12069.944274766945
2810,448.51150620164157,6,1,0,47094.207223451886,19914.00889458947
4675,431.46214004478264,5,0,0,24635.43238227522,18318.779791451165
2081,234.14172790911658,6,0,0,22721.982902036747,5208.82817014901
2974,201.6731853793861,6,1,0,39977.040239232345,2067.078188162949
2369,143.75009367959433,6,1,1,27244.4962038802,5857.14278211187
1740,243.57164588188053,7,1,0,13501.946561111225,11023.709330988977
4545,31.744565131286016,7,0,1,21312.045226819988,4260.33097423861
1116,427.5748313400338,4,1,0,26743.291421259564,4181.735145841782
2853,27.356960525087082,3,0,0,21700.65701905008,9789.27739499791
3838,171.2351690312368,6,1,1,23288.222837892863,1632.09145221781
2150,466.4788492763051,6,1,1,21751.03624697563,3315.873568113139
4464,370.2542007164918,3,1,0,11659.966687323178,8901.365448751003
2931,147.88157068298813,1,0,1,35483.788032977696,2199.4682749513627
2012,133.79805604083367,6,0,1,33891.69681413878,8538.346072655058
2664,12.490248510832723,4,1,1,36135.33993914722,10006.119053020457
2081,350.90000349637756,5,0,1,17692.3958413451,9574.065667389174
1633,33.90395501985482,5,1,0,21826.18166449941,17514.32229065866
1512,270.9752345063734,2,0,1,34784.63707779689,11071.186645982916
4822,481.4397665701044,2,0,0,33985.102738396854,9891.628787082824
3849,63.639741426682406,5,0,0,30253.21237417071,8803.475662441659
2119,448.295166174353,5,1,0,24016.530000407896,16534.84418778524
4709,495.8229142210736,7,0,0,46517.2401909876,18006.07547599683
2141,40.14334285722518,4,0,1,23590.80969195375,17211.606914745233
1559,442.624071877356,3,1,1,28224.766257490064,13797.384984496426
4672,262.8787200173722,2,1,0,37124.553238168344,3609.8731734048106
1487,454.1917225278442,7,1,0,31720.857234670566,6260.529420348233
4308,289.9462815405913,7,1,0,23875.43905457542,1875.1982099575712
4956,334.4348849522167,3,0,0,27425.791618260395,18685.65742481217
1896,276.4516649187256,7,0,1,41779.23271414025,13555.172064127297
4343,433.6015113506008,4,0,0,21125.166219464496,15180.894801951588
2212,369.61586028731386,5,0,1,15690.209591072617,6919.86305206235
1703,265.4175529684033,6,0,0,22526.528073191083,17067.416923269506
2470,435.398793985258,3,1,0,43981.368619516055,5932.462390461092
1580,130.18991080511393,5,0,0,13559.588594253866,1031.231385136544
3837,87.09692325423772,5,0,0,49667.84293489807,8151.8842878931855
3908,88.59605161173533,1,0,1,31640.1159571065,11844.468138222395
3294,173.66435058516657,3,1,1,49393.82975868376,10095.392301344928
4147,126.95811533749858,7,1,1,47559.856883439104,17379.446708955344
1153,465.74427174977194,6,0,0,28112.548568436672,3002.700433167172
2679,61.858705976006156,3,1,0,17939.642984213962,11522.645372040786
4506,352.50546163939794,7,1,1,16595.391062605537,10746.607646597242
1996,102.71855449465289,5,1,1,19599.574554798302,6346.466661271097
4157,442.00219505747157,6,1,0,38405.305622581494,16622.3341389632
3744,481.04449121060463,7,1,0,20917.999789259513,15304.12446176192
4356,238.08030429729195,4,1,1,23657.010784171933,14924.324559304789
2243,440.7450253117845,7,1,0,27951.152159784593,17647.657087121566
2092,12.521133669810236,1,0,0,46529.30721685825,14732.907411808903
4118,411.77398952996907,5,0,1,17575.736715393843,5404.984542579802
2008,122.02632914721252,7,1,0,10201.062104392124,14405.69152134413
3141,455.26364154199024,2,0,1,12403.856415126806,6846.353454407033
2773,10.548854625253648,2,0,0,46190.653667204715,5601.318356601941
1957,282.5290501694809,1,1,1,35900.65859373452,2387.0682650929193
4059,380.751543854618,4,0,0,20921.62477311227,15136.543026605857
1452,136.75728204197492,5,1,1,17087.700040447642,14509.018277046413
2227,104.6351036477736,3,1,1,21770.669465484574,5455.490075807781
3959,51.20812998931248,1,1,1,14591.877090051203,15238.201317758963
3265,169.95245248661357,4,0,1,47661.316411377644,18438.97677877751
3521,284.32371303132646,3,0,0,41368.24697461067,3052.550192340006
3479,66.76348982232625,2,0,0,28495.647076501627,5420.096129348724
3388,194.5807273735314,2,0,1,44598.50420460808,15254.955087658995
1550,14.445478279835232,3,1,0,19978.328171729292,6215.626796634487
2635,411.15291604492245,1,1,0,38684.82273888774,12868.615511390619
2312,72.93987186566378,2,0,0,44245.29996054974,2542.120264810576
4325,148.83804465013498,5,1,0,24270.748464930904,9591.847102967236
2757,19.02958218172656,6,1,0,40298.5778180287,15042.737017866108
1356,221.79798410733102,7,0,1,21802.893970572375,14043.764917821798
3070,421.6595363431972,3,1,1,21954.285410361234,16486.36991284033
2785,202.15409360814633,3,0,1,14282.287142167443,17671.590405460207
3569,97.95368847767837,2,1,1,27602.32186037595,15690.486523916406
2781,379.3124286847544,1,0,0,39188.47625989689,13760.167115839593
4908,396.5154211166647,5,1,0,47608.8322228514,1602.7273445045919
4171,95.13920290070773,1,1,1,34151.879677163844,11164.366794779437
3849,387.718513185085,4,0,0,44525.42150942956,1716.256773382203
4251,474.1759652456056,4,0,0,42899.78597160908,16353.288525204429
4294,91.52501759681344,6,0,1,16933.722119011232,7093.765964739194
4977,387.7823033407464,2,0,0,29432.69715650526,11686.158108240497
3809,357.2002822552884,2,1,1,14676.94142101566,6309.460839059149
4730,242.05120533319337,2,1,1,37286.1264624654,15867.502743225577
3489,38.381025673811166,6,0,0,47995.98672984304,17843.54800619615
2631,46.600264701348465,4,1,0,15483.578323150261,8574.207390048216
3816,427.68318300733733,1,0,1,39355.32523210165,17395.52547670879
2015,495.17270264781706,6,0,1,35289.526034714436,6074.4251416703155
2348,341.26560602150965,6,1,0,33344.20148032399,11158.557538434952
1515,228.51957043505752,1,1,1,25604.80938753357,17316.467166935377
4087,327.3110852669347,2,0,1,24205.265910152502,7191.7455097000175
3839,301.2539710219872,5,0,1,11809.967560755515,19126.80303648363
1335,197.97000759875468,1,0,0,18716.34833008054,3315.710533846289
2782,42.15681084126634,4,1,1,10607.075291473077,1347.2263247466185
3305,412.5413442296461,3,1,0,33256.68422328083,18178.571698985623
1496,192.19842932697506,3,1,1,14234.129435116354,2304.324656809573
1895,411.20496524497594,7,1,0,44920.77576118864,19845.89472300234
3207,133.7292873473073,7,0,1,30925.72082788661,19076.540377603014
4546,10.504445124360364,6,0,0,37987.59636234834,3603.3972906900926
1851,87.87975880561069,3,0,0,26434.28367361986,11214.107888158751
2687,239.58431421660634,5,0,0,32423.192360041947,4513.485651875742
2931,472.7087811293366,2,0,1,47706.36707866522,9134.948287572277
3737,60.0748736499223,4,0,1,13309.36158494683,2167.077455936821
4746,428.56278948616733,7,1,1,20157.510876947847,5254.5671681352005
3427,268.2418071438124,5,1,0,41199.53307642177,7902.183131579091
2568,414.70117524194933,4,0,1,13949.488275306634,9334.30250467504
1956,156.2034711850964,4,0,0,13026.444156164434,19572.42890596897
3738,421.5741106895112,2,1,1,24461.65595016154,16349.447267995643
4498,388.6831622082342,6,1,0,13686.718338897292,15010.788941926978
2636,122.72630468540262,3,1,0,33403.13768824813,11203.784980097511
2291,74.35421194059525,2,1,0,19051.010032663995,16959.95745148252
4906,435.3466180408235,5,0,1,45827.91852797489,7447.133877458511
4648,481.9859601856646,6,0,1,41340.00323381027,14469.083142693005
2440,25.33813373628296,5,0,1,37988.20824397905,19881.89553218527
2191,368.3223328171059,6,0,0,34677.761095380076,6977.949269768777
4913,455.667010364431,7,0,0,44538.62921365853,13806.33316279538
2066,430.10644512532434,5,1,1,18922.482461710275,17041.982418895266
4627,482.6150314124022,2,0,1,44924.35371056911,18400.344083662774
1284,382.4460984346676,6,1,1,41579.69193696209,14640.721127861934
3444,226.72639356664604,6,0,0,39926.43305550743,6388.550544925589
1011,162.85647534261392,4,0,0,32450.227122996963,7199.360879809983
2630,167.16394281468246,4,0,0,19849.766438824,1394.4026103553201
4373,364.96710958091734,1,0,0,26941.916639675852,15456.833575758685
4969,375.4601358951725,5,0,0,41742.82618155207,1812.0525151770762
4324,108.1759803388692,4,1,1,11271.139374292978,17428.394737452167
3546,435.3801786103602,1,1,0,41282.03077055033,3254.551675016237
1753,360.3127796991013,7,1,0,19602.82961950266,4265.6537305825605
3082,285.7476403082575,7,0,0,15772.36802886412,10054.002945812508
3774,241.05090545023123,4,0,0,14628.052727212085,15019.727888206105
3896,276.1840748370795,5,1,0,11090.000478032605,3641.041898782476
1089,88.03041175683958,6,0,1,30943.459408858114,9361.35042626347
1775,109.81361214537436,3,0,0,18730.394907749178,10174.17421379199
3652,54.67060029903392,5,1,0,49577.27063118526,5033.427191703235
4993,85.2924386989452,2,0,0,32977.47023488823,3195.609156932003
4017,232.3098809565885,7,1,1,15515.410774240416,16891.99753672715
2625,269.87365292684547,4,0,1,37550.501632454616,10546.847345492544
4069,18.752327314376494,4,1,1,45909.74266038901,1273.2434836989064
1417,400.43093565337347,6,0,0,39807.17981478457,16256.644724872973
1114,154.14230693830416,2,0,1,13057.594441577907,19635.082302877112
1616,456.7996571303564,6,1,0,45835.36724770638,12512.597712870698
4974,484.0805191707511,2,0,0,41757.17543439859,10570.459354597344
4267,100.87484859156062,3,0,1,16332.156004224573,17689.90139785427
1825,236.42767247517372,7,1,0,12071.435549312675,19097.819004007375
4572,10.603599231548685,4,0,0,32292.42301257234,15336.20140214675
2649,303.1803599099892,4,1,0,16241.432453599076,9463.605664951468
2516,307.5801596487089,3,0,1,43383.63810381088,12252.206587297369
4146,131.29457824565384,1,0,0,24333.38626686695,14317.771935341985
1412,283.622209565767,7,0,0,46515.69778946302,4691.197849034227
4447,120.51466979743036,6,0,1,32627.52688564023,9496.819612112322
4491,88.80447984831314,3,1,0,17306.895369586724,16766.604029628415
1728,329.2445387331097,6,0,0,15583.954694392003,13439.781621470416
4348,169.7034773365167,5,1,1,33058.89750231015,8812.877277025229
4068,299.229330053955,4,0,0,40475.34447449776,13603.888146278947
3808,222.29090699611123,6,0,0,41260.22590968729,3246.2258293767377
1675,492.3321896274229,2,0,0,21030.296177651253,8628.45460073265
4465,83.29451490710723,6,0,0,18169.8703564867,16069.442221298072
2892,237.653312351547,5,1,0,10670.252179695297,5189.666955596313
3504,343.4237469160694,7,1,1,37167.96604804677,4533.268643590936
3967,203.81709110118464,4,1,1,13062.73033734156,19065.554538412198
3239,487.602927416638,3,1,1,26830.44807063703,4988.054962138383
3786,363.72493768419815,5,0,1,34067.286560731845,5957.4530133531935
4760,331.9220902066016,4,1,0,47484.35779678708,19422.70283918242
2122,380.95904112949944,6,1,0,22472.085478230743,14959.462835035487
2571,476.79783263897133,7,0,0,19990.88649786079,14292.334127447035
1977,454.8311399624737,1,0,0,36166.40617144394,17205.601293237043
2008,364.89980098194184,7,0,0,34769.561282143266,3200.638562499091
3143,377.0892031596287,1,0,1,23284.391332324984,14413.168495020136
2687,81.50181627722127,2,1,1,47124.07342039146,10570.083577236539
3710,60.36827820140619,7,1,0,43794.49309958531,16753.862165398656
4261,289.7432059036405,4,0,0,18959.301834603248,10654.692654638691
4807,19.0001421008646,1,0,0,19565.701817380927,12784.585731109331
1036,246.35462696027986,3,0,1,30492.013875483222,10077.100401591182
4851,113.07129416024561,4,1,0,40942.884069228814,10085.019547561038
4440,179.5481181459714,3,1,0,11761.615175538576,15591.429583174799
4766,390.14432053854847,7,0,0,37733.40614938826,12942.76161229838
2548,471.20637707386936,3,0,1,35929.43589528388,13032.000830578798
3326,45.483973351707334,1,1,0,19259.20383651953,9555.36719279899
3264,271.77868092845813,4,0,1,37254.120529653956,11091.080430413023
3914,442.441408051604,6,0,1,47607.3276500833,15168.635657890958
1872,50.42918187580643,5,1,1,11871.433798870741,16692.877463126446
2821,414.01188297944856,1,0,1,22786.0822116825,14234.666640736878
2296,185.32266195485298,1,1,1,27527.06866665421,18557.38678806798
4952,167.82640408747432,6,0,1,45970.41435698758,16586.157674796817
3109,488.958529294245,4,0,0,48490.45786436627,11675.412006380851
1595,108.42095403252415,4,1,0,27764.60985985329,13756.715380231
2903,349.66503100311365,7,1,0,40001.136485687646,18599.857261502722
1728,412.50595672483456,3,0,1,31266.44095057932,12764.192840618109
2365,30.17991268684312,7,1,0,31511.31738965506,16671.33201161678
1396,338.488874593662,6,0,1,21123.980602654257,14087.399568209754
1698,476.2594874341102,7,0,1,18678.24983455518,11486.790860148863
4090,70.86778369674909,6,1,1,21520.213836961644,5594.925712891709
3224,449.1484383156688,4,0,0,32253.120290283172,9093.952869900135
2635,301.44055231469866,3,0,1,11166.20744088356,19387.113671840598
1395,312.13624511261224,7,1,1,46289.95777425623,13497.5422821794
3492,310.34264568414693,1,1,0,16251.348381991049,11723.512226440802
4304,156.42958430528378,2,0,0,18803.54707485546,18726.17588503632
4986,468.2488894967352,5,1,1,30731.047057905853,12143.723839711525
1075,474.20172668920895,1,1,1,38404.59065349118,10995.567849930656
1264,316.39928350483444,4,1,0,13829.162189775892,15426.9062478539
3502,393.8771357113912,5,1,0,22707.787901886488,14540.646760744345
2819,310.0064130817674,2,0,0,48746.984222974286,4670.040159760221
1717,247.3552393112799,2,0,1,20493.718671237828,9954.857216908302
3782,333.80185796663284,3,0,0,22522.005802525877,9977.793413572119
4455,280.9707117700596,5,1,0,43459.93962472134,8186.2657896235505
4635,302.7631726896457,3,1,0,12008.57726761821,10828.57616089281
1850,394.07795117524233,1,1,1,28584.526752358834,8849.04055681574
4577,245.64287741000257,6,1,0,25184.670578066813,4787.564299952479
2390,29.969511985311655,6,1,0,22663.470396346045,8834.96325821894
1143,90.35974568485365,6,1,0,21427.98376179058,2373.262003890355
1884,224.9175360798738,5,1,0,13654.964194416369,11939.93139271382
4140,365.1650143382886,6,0,0,22593.033174065953,17219.436429881127
4170,300.7065376719876,1,0,1,11722.096108626743,14780.45460273655
1395,328.64415107799243,3,1,1,41238.55454577741,7847.4867610281135
4096,244.84667500238078,5,1,1,25929.11175832047,2654.3529059688553
3995,311.713590751699,3,1,0,27756.153292796465,4840.838585280144
3938,171.21854452918447,5,0,1,45743.783458005266,11364.316469401878
2492,240.38947042136587,3,0,1,36322.19935444883,4934.084584277624
4555,374.69674214152826,2,1,1,10322.364133684792,11335.489114414382
4636,437.19806169682937,3,1,0,47726.9929184514,5400.381470514079
4222,222.49111363863057,6,0,0,19485.77863910845,17129.55352004538
2167,31.394212276606982,2,0,1,14304.567390394353,8548.157983968735
3616,89.2195466319333,3,0,1,40725.12713523529,5665.46189294533
2062,20.221958252853668,5,0,0,30019.092634668727,16434.197424694168
3156,330.0988794262918,5,1,0,27350.822640720704,7513.940331303564
4764,172.83416642400337,5,0,1,19980.12318730967,3118.2660689368568
2065,275.81453150249007,4,0,0,31898.859594492744,11837.780336669191
2209,251.7056549240618,1,1,1,20975.384208103496,12049.719884321787
3982,49.94797988068908,5,0,0,46063.3202114827,14579.21782947895
3445,207.5980669506776,2,0,1,18608.17918932771,5564.169230959325
4294,118.0749512119384,5,0,1,45374.20601823014,9431.655442752657
1633,215.01589644714983,4,1,0,32376.217029094278,6364.990461810468
2156,109.75335736769891,6,0,1,43139.52535580964,2538.120986198074
4234,421.82167907569743,2,1,1,38513.8398344382,17655.66271330194
2238,95.35473492334428,4,1,1,37867.804457469945,14848.526285278482
1732,480.7824702286187,6,0,0,22973.83230780223,6727.798129717214
1234,213.794609412001,7,0,0,19355.87725888814,12388.08686456774
4914,424.66019308933414,7,0,0,18435.449107231525,4824.011974554976
3705,318.0947609209131,2,0,1,44287.66628238354,17914.495814119648
1750,370.3216463462188,3,1,0,42817.0728103608,3183.220523876296
3635,386.18470515272236,1,0,1,27622.94112049229,1072.905764648217
4080,257.37399212757873,1,0,1,15296.184539858185,10538.15575704446
4145,276.2172564480113,4,0,0,25290.090079098336,12079.428645604516
1953,261.85797522627524,6,1,0,34773.738165476454,12000.341085620283
3539,298.14860526413884,1,0,1,28176.126179198112,2035.7266213186995
3960,24.403278420688572,6,0,1,41207.570739319795,6966.832331450217
4324,203.80243322601748,6,1,0,49904.91289005542,10484.779989985305
4301,307.03246964497407,4,1,0,17645.283537955875,5115.004526917577
2542,302.88454697537355,4,0,0,28386.032786382897,17579.891824232032
2197,398.54848635675944,4,0,1,27239.356076832883,2655.076499767247
2676,330.9545760277332,1,0,1,22179.701309958033,10260.304391768814
2191,496.14532500692945,7,0,1,17923.820668811582,14136.905092749888
3217,149.08871901823605,4,0,1,12627.684659586368,5973.270902555167
2416,185.98400453645343,1,1,1,45484.77268894794,12860.574002952844
3993,198.08510441522017,4,1,0,26793.947907452704,16758.317852705117
3842,238.24827543992177,5,0,0,29875.820740001956,4616.402526805903
3681,419.6390512527926,6,0,1,46677.68192803663,18427.191244672395
2217,125.53812604001283,4,1,1,41051.61910063791,11517.612120584801
2540,390.2401014473605,2,0,0,15220.050564687368,6685.40808172015
3076,208.60198971201427,6,0,0,32616.798704309695,9186.307232263145
4236,304.9091379943842,6,0,0,27690.091060782364,6931.6457919413715
2445,319.94486128089,4,0,0,41888.44290315051,14777.112038733007
3386,192.69583222257788,7,0,1,38969.301904477965,16129.71260488751
4719,261.18145055084454,3,1,0,37616.22887644288,16825.81045405456
2519,212.38527557737154,7,0,1,23621.793419195878,19729.59674212908
2388,43.87506523144353,4,0,0,42198.54921597018,16034.401557436988
2856,224.211040520245,6,0,0,12095.65182379445,12426.297343082704
2365,57.72276235124056,2,1,0,16384.99605728669,7445.185669443892
1499,208.46019154935755,6,1,1,23424.93091911647,11347.313525504238
2680,300.5300159175731,7,1,1,13072.297642771251,1780.295283017703
1510,293.91330067831535,2,1,0,19399.77110138766,15151.676435068348
4398,334.68442671407695,1,0,1,43206.03931991672,9473.155356749934
1216,56.678138897766885,5,1,1,47930.06151160317,1380.4413649115647
2324,329.5403903099146,6,0,0,22184.094230967617,2187.631888697805
2155,162.95254778125906,4,0,0,20580.632159553526,8361.862812613377
2827,205.53251360718443,1,1,1,21195.706089857078,12085.008861350267
4141,430.41326442212585,5,1,1,21108.763494033752,9819.875030090407
4323,14.424898023479624,4,1,1,11437.20728743892,12764.882028550943
4486,298.32219033689665,3,1,0,47076.65385324432,10125.59091703576
2810,303.3698502490527,4,1,0,18547.925662813137,13572.373064145588
3492,204.36329040834536,2,0,1,26800.162963256196,5163.395228745217
3923,126.14364998308473,2,1,0,10387.47530963871,3144.020556488807
2205,124.99027874816004,3,1,0,44318.20363660229,12332.24513788754
3214,443.0177381337688,1,1,1,39246.29377819669,10209.100821789842
1090,226.5919431536002,5,0,1,47870.24140694813,1510.4854268537706
1713,172.13578786469424,4,1,0,41264.61916785596,8229.15582436768
2881,229.9010111773875,2,0,0,22548.26048208261,3016.3861243289143
4602,338.00129671508705,1,1,1,19914.934349136944,11095.77980330121
1038,81.42071843992834,3,1,0,37908.65230213172,8519.775913548185
4197,230.22257925473147,7,0,0,24564.511000419978,12649.886310957341
4522,298.0633418440896,6,1,1,32648.600630104662,16306.442156634528
1172,474.80584387720256,7,0,1,10250.29884105881,6693.704992988325
1652,133.73861321695546,7,0,0,12475.42806721901,19279.93997913552
1753,186.03286647896033,2,0,0,31414.717647266047,11177.055511163915
2243,195.88570906198765,3,1,0,32642.865857926605,12747.525176340972
4709,306.7136972459926,4,1,1,40058.117778373744,13932.775091289004
2081,184.79870598960082,7,1,0,15278.61278495847,13667.899067294205
2683,271.42084339685084,7,0,0,30527.323350271152,10708.44411785618
3523,393.0772616240644,5,1,1,17777.905777267544,9146.521531178987
1455,355.63894111497973,2,0,1,13727.844782507787,2021.8573193701802
1828,228.72063679116692,2,1,0,26419.83176242218,1419.631060722415
1894,433.4659270603428,4,0,1,16533.46592356229,7801.262696122529
2384,283.48872230099283,6,0,1,18871.279127692746,7339.55692204016
2958,274.5538613560841,1,0,0,22702.183194780067,8366.207941941128
4072,26.752005310187506,5,1,1,20375.53602972785,3628.99581687561
3434,493.47956037500916,2,0,1,13503.651896237856,15025.197140200029
2996,70.25569617951709,5,0,0,13596.649794388091,17282.32388074854
3395,123.25414708954683,2,0,1,17729.976609366728,18835.578072106666
1189,35.33145024834821,5,0,0,12022.367518381558,10354.88376687289
1504,323.6014537500877,3,0,0,35058.280787077085,14316.448283383144
2214,120.10357671661319,7,0,1,21493.06866035608,17255.471345281578
2531,98.20511436163451,2,1,1,21189.83871076284,8947.531110776232
4440,53.392236269388285,5,1,1,23279.931769510607,6878.843102538443
4480,60.62138899076768,1,0,0,36511.85096838887,18797.76656121631
1823,296.48864321686847,3,1,1,44825.35525933962,10797.854470464388
1928,347.22185427463177,3,1,0,40363.47730222554,10447.823845226681
1933,204.71570434755648,1,0,1,39101.1692090038,4389.90583470642
2140,245.14956998011587,5,0,1,29375.64742403397,3054.945276893778
1133,346.1241906316622,4,0,1,37752.22227869647,17000.03038718672
3105,18.51609719088502,1,1,0,32110.494721343326,12668.530347562843
4627,168.3340219644365,5,0,1,18650.021127461157,7190.667096369525
1684,486.81789655446977,1,1,1,18343.53470964203,4642.988130415063
3719,294.2549925507793,1,0,0,21855.68027501134,11554.448323222996
3220,134.5700441497717,2,1,0,46432.10683879253,12094.466495961571
2852,265.64772285174445,5,0,1,31896.593615189035,4932.878423656105
1814,177.90020917924852,4,0,1,39356.21508007478,17176.709209938002
2172,270.8000445248866,7,1,1,23862.3503926619,2601.0229569611706
1079,71.61334078525792,2,1,0,26308.63082660901,7765.768618162012
3933,75.03018037144592,1,1,0,15022.623145490055,13927.30386148792
4284,80.3357573993025,7,1,0,16851.798312866813,6208.286912564813
1202,470.51169804415247,6,1,0,43094.26219304582,16725.828700844162
3811,369.1204699872575,7,1,1,33393.54526755528,15057.488705407666
2252,89.56712838453724,1,0,0,23501.298635352756,15991.43404641455
2699,102.29105104514471,1,1,0,42114.04835982184,3263.024181657609
2250,368.1064426867294,5,0,0,19860.79622551932,3670.3954319153154
2682,86.52028394816523,5,0,1,49041.30794400815,6443.0010171470885
2555,124.93503373406605,2,1,1,23792.70430984679,10843.46613875366
4512,482.03994808199553,4,0,0,23492.438166049105,15212.305457288645
4473,135.1001971169316,2,1,0,22476.47622146821,16894.086924457166
3094,334.1998516818619,3,1,1,14884.460636971518,14382.371003186428
2256,489.5293308262599,1,0,1,14445.485893280496,18643.34074908213
4376,193.4054158984984,7,0,1,35924.20138136494,15036.126682702676
2549,18.582835522410498,6,1,1,45004.72178232188,6819.089853087679
2166,129.63217230696338,1,1,1,41620.82041086694,6036.544402432879
4486,417.1298237574357,1,0,1,15644.303760854044,14227.656555720709
4584,433.658329617968,2,0,1,31823.28487168266,4664.540805102672
2396,386.5744886166577,6,0,1,14223.6618390656,2761.581405395128
4637,65.42381134752078,6,0,0,11811.785744523098,11112.234622267684
4957,399.80008213123756,6,1,0,36255.43437539069,16611.189825800153
4330,460.1521205268171,2,1,0,31406.093347214013,2926.217006927407
3703,304.2986758476557,1,1,0,13280.947408458835,16045.935152118856
1470,471.02892460565175,2,1,0,11397.569856239537,16419.868082679415
4018,415.15105301881994,5,0,0,49590.25653637339,10163.206001549326
2035,336.81604332554457,5,0,1,11200.853285962876,2088.895890199249
2353,292.8207659887566,2,1,1,27781.130122006387,4317.207173696542
3783,180.80109694856554,6,1,0,30184.760984307824,14441.099228076715
3831,88.05084816897451,1,1,0,14691.205912017802,14523.78095482804
1967,306.42742211836503,2,1,1,16762.47113758865,18068.75022818564
1357,165.87466127287854,2,1,1,24072.2002564141,12071.036784537075
4019,434.55494708854627,2,1,1,40467.0350485465,3358.0399865617705
4479,496.73509930572794,3,1,0,30283.29696241067,3306.8832045944705
1667,378.68960368163056,5,1,1,35516.07498211846,14701.51478977965
1372,54.336030690654866,7,1,0,49406.98220362699,4491.908637050122
2031,151.45594181001266,6,0,0,40720.217412528385,7239.324492715502
2145,63.46371956521737,4,1,1,27374.45992564871,10257.028131516365
2371,328.7507074179407,7,0,1,27857.67687186195,1470.5326739468728
3723,384.94352363233446,6,0,0,34750.883081640204,5727.561513378705
1089,463.58066713154875,4,1,1,36614.60833675617,8749.902561638322
4719,224.70444974187396,3,1,1,30028.437033466853,6313.090051370918
3745,451.6740682983377,2,0,0,35794.4489125992,3591.036221883751
4387,440.16666793025047,3,0,1,10941.29977656395,14832.23289812775
4249,165.42590121504531,3,1,0,27184.914555873765,16449.805448191713
1539,435.7613065148798,7,0,0,21157.523042939072,5892.100546730772
3779,194.07940342204597,1,1,1,15166.977809724416,15713.970397519763
1868,155.46594453453758,7,1,0,13981.860512351006,8325.517723624962
1040,328.0465828092526,5,1,0,34127.6866245867,10627.030026226053
1739,170.90680166368972,4,0,1,30944.02188610447,17264.0204229699
4775,318.80228668128063,2,0,1,20143.364679854767,15249.119954245749
2946,308.81758469436033,7,1,1,28838.00235090058,16297.220175007376
3549,286.0850744007448,4,0,0,29689.29260729633,3600.0581651407797
4006,196.40565507407086,6,0,0,17800.359217544632,2324.66909084086
4216,278.7648636092236,4,0,1,36083.722475266026,17974.689852671756
2224,302.2778827428566,6,0,0,41236.77425544362,8368.851121850792
1928,277.38657536278197,7,0,1,41658.541635580754,6469.713883323936
3036,227.76553184808876,5,0,1,34098.7932281382,14769.228830974665
4795,17.186857952669268,7,0,0,30465.543300760564,16891.896335017278
3508,297.66023677356395,6,1,1,12440.285720215796,17387.302816067717
3779,92.53774871993262,4,0,0,21513.25195406423,7003.94568137932
3799,324.86222478412293,4,0,0,13730.857871126796,17192.035432831806
1924,382.07872068220433,6,0,1,48552.92643513894,1777.7449431125624
3956,255.21820147406333,3,0,0,15403.205849030428,1943.5683377346586
2581,275.7581958400718,5,0,1,16071.016394044082,12846.864708308934
4618,476.22449423633566,1,0,0,45583.06473321969,2199.021013195378
4324,425.11200707256137,2,0,0,47757.13133905832,7167.574201693069
1389,457.97589281622027,4,0,0,40633.1615693964,13782.363738691556
2617,408.74548127659733,2,1,1,10216.196946906795,7408.0710250303
3930,63.369987504898404,1,0,0,10053.850838262548,4412.395847361822
1255,83.0060094253954,7,0,1,25124.03079149803,6345.661815222991
1708,268.0456606617902,2,0,0,15735.8148004357,9693.931312758205
2838,130.57413281101913,1,0,0,10735.445686063891,10032.331251754165
2944,243.58078277016799,6,1,1,28562.66757618019,15877.004395596838
3497,203.2390086709916,3,1,1,47722.47589627886,15252.911359198739
1009,279.2129768309221,4,1,1,22952.782996097256,9679.538286566569
3871,375.96910090655314,1,1,1,36445.627137147865,17067.679632876658
1797,360.59054447864446,2,1,1,36089.414125297626,3170.5056332365207
4313,265.40472491781384,4,1,0,20043.20414660671,5851.713654349128
